@Fraulein_Antje @123Lenchen Weist du ob sie √ºberhaupt noch im Land ist?	0.9435198060635879	0.056480193936412175
@HeikoMaas Bin 1947 geboren und habe mit diesem ganzen Schei√ü nichts am Hut! Basta!	0.10236599536585245	0.8976340046341476
@laetacara @SebRoloff Soll ich Lyoner und Maggi mitbringen?	0.9474435200999194	0.05255647990008064
@sprachmittlerud @krippmarie Ja die von der Leyen....redet gerne wirr...kennen wir schon	0.0989230866757872	0.9010769133242128
"@Anarcho161Zecke Die ""Ehe f√ºr alle"" ist nun per Definition f√ºr Menschen gleichen und verschiedenen Geschlechts vorgesehen. Auch mit neuem Personenstand wird man also heiraten d√ºrfen."	0.943160197699416	0.0568398023005841
Ich bin tief best√ºrzt, ja fassungslos, dass sich jetzt auch noch Spitze d. Zentralkomitees d. Katholiken f√ºr einen Islam-Feiertag ausspricht	0.9405970514146405	0.05940294858535953
#Tuberkulose wurde vermehrt von #Fl√ºchtlingen in Deutschland eingeschleppt. |LBR| Nicht nur dass sie von unser Geld leben, nein jetzt bringen sie auch noch Seuchen mit ins Land. Dank inkompetenter Politiker offener Grenzen, Bahnhofsklatscher und Toleranz Fanatiker.	0.08590389600491788	0.9140961039950821
@sissyzk B√∂hmermann ist der schlimmste Hetzer seit G√∂bbels #LaferLichterLuther	0.7427842615950756	0.2572157384049244
Die Bundesregierung sollt k√ºnftig nur noch von @ClausStrunz befragt werden. #Bundestag	0.5846250207534969	0.4153749792465032
Simone Peter ist optische wie Marin Le Pen nur mit h√§sslicherer Haut. #Jamaika @peter_simone	0.48519941422598745	0.5148005857740126
@Sunsetmission69 @ProAsyl Es zeigt vor allem, das Rechtsterrorismus ein riesiges Problem ist und trotz NSU und Anschl√§ge auf Fl√ºchtlinge immer noch verharmlost wird.	0.9347859507953475	0.06521404920465243
@LarsWinter_ @teleherzog @janboehm @ZDF Ach ja, B√∂hmermann, sich wie immer primitiv in Szene setzen wollen ü§¢ etwas mehr Niveau w√§re gut üòú	0.9697349814574678	0.030265018542532166
@Frank_Pasemann @TinaHassel Wo ist eigentlich der j√ºdische Zentralrat, habe seit Monaten nichts mehr von ihm geh√∂rt.Wenn ein Deutscher die Juden kritisiert, dann herrscht im Zentralrat Ausnahmezustand!Bei Moslems ducken sie sich feige ab.	0.09061898290812498	0.909381017091875
@Volker_Beck @fdp Nein. Die FDP arbeitet mit AfD und Linkspartei nicht zusammen. CL	0.979875435186192	0.02012456481380799
@Beatrix_vStorch Claudia Roth ist eine Schande f√ºr Deutschland. Und eine Peinlichkeit f√ºr JEDE Partei.	0.36257083426951364	0.6374291657304864
@Einzelfallinfos @ibikus31 Die Zeit des kuschelns ist vorbei. Wir haben den Moslems und Islamisten Offiziell den Krieg erkl√§rt. Ein neuer Kreuzung. Sie wollten es nicht anders. 800 Jahre haben wir dem Islam Zeit gegeben um sich zu √§ndern.	0.0953399742745551	0.9046600257254449
Fakt ist: SPD-regierte L√§nder blockieren Einstufung von Tunesien, Algerien und Marokko als sichere Herkunftsstaaten! #TVDuell	0.9319315703417774	0.06806842965822263
"Am 16. Januar wird in Berlin verhandelt, ob der Pr√§sident des Zentralrats der Juden, Josef #Schuster, davon sprechen darf, dass Wolfgang #Gedeon (AfD-MdL BaW√º) ""Holocaust-Leugnung"" betreibe. |LBR| Schuster hatte eine entsprechende Unterlassungserkl√§rung verweigert."	0.9389111433723972	0.06108885662760273
@ainyrockstar @welt Oje Lindner....die gleiche Pfeife wie einst Westerwelle..!!	0.08723908533996572	0.9127609146600343
@Karl_Lauterbach Da erkennt man, mit was f√ºr j√§mmerlichen Deppen die abgefuckte SPD aus Machtgeilheit 4 Jahre das Volk verraten und verkauft hat !!!	0.47174770673103017	0.5282522932689698
@chteffie Danke! Wir teilen die Aufregung. Morgen fr√ºh wissen wir mehr	0.9674395511888771	0.03256044881112285
@MartinaRenner @dieLinke @GBA_b_BGH Es gibt wichtigeres wie z.B Asylantenterror!	0.12691384008648843	0.8730861599135116
@anna_IIna Wir haben wirklich nette Gesellschaft unter uns....	0.9545881884388497	0.04541181156115025
@journ_ali @kelghazzali Welche Rechte vom Muslimen sind denn in Europa in Gefahr?	0.80796356900811	0.19203643099189002
@heinrichwiechm1 Sarkasmus ist die manchmal letzte M√∂glichkeit, sich vor diesem ganzen Asyl - und Migranten-Wahnsinn zu sch√ºtzen....	0.10055201685688786	0.8994479831431121
Ach ja, so viel Presse heute, wir konnten noch gar nicht alles lesen und sehen. Ein aufregender Tag X :-) Wir hoffen ihr findet die Zukunft genauso spannend wie wir	0.9274443274137896	0.07255567258621047
Gauck sprach d. DEMOKRATIE d. Weimarer Republik an &gt; jedoch histor. Fakt ist, es war eine Plutokratie, gekennz. v Uneinigkeit u SPD-F√ºhrungüòú	0.9397128737174449	0.06028712628255506
Imad Karim ist wieder online. Widerstand lohnt sich!	0.9318554093446244	0.06814459065537559
Auf die SPD konnte man sich schon lange nicht mehr verlassen. Ich hoffe in vier Jahre sind die Br√ºder weg vom Fenster.	0.9390283883992077	0.060971611600792286
@hubertus_heil Ausgerechnet die scheinheiligen Heuchler aus der abgefuckten SPD reissen das Maul auf. SPD - SCHMAROTZER, P√ÑDOPHILE UND DENUNZIANTEN !!!	0.310987539873529	0.689012460126471
welches Meth nimmt eigentlich @DoroBaer? Ihre Haut sieht ja f√ºrchterlich aus und dann das st√§ndige blinzeln #furchtbar #maischberger	0.3865169981570913	0.6134830018429087
@ndaktuell @dieLinke Die Caritativen Einrichtungen sind mir jetzt sowas von scheissegal! Habe Austritt aus der Kirch beantragt.!!!!!!!!	0.09791540575012436	0.9020845942498756
Wer sch√ºtzt eigentlich psychisch Kranke Menschen vor pauschalen Vorurteilen?	0.9495841628540173	0.050415837145982696
"Bin gerade aus Polen zur√ºck, im Szczeciner Rathaus lacht man sich √ºber Merkels naives Kontern (Trump) krumm u. meinte: ""d√ºmmer geht`s nicht"""	0.09370129077375522	0.9062987092262448
In der Schule war Martin Schulz ein Versager. Jetzt sollen die |LBR| deutschen Steuerzahler die Schulden der Griechen √ºbernehmen. |LBR| Pfui Deibel.	0.07809466805638565	0.9219053319436143
@HartmutSchrewe Da er nicht in einer Kirche oder kirchlichen St√§tte aufgetreten ist, f√§llt das nicht in unsere Zust√§ndigkeit.	0.9686380451793196	0.031361954820680354
"@Platiniumray Dieses Arschloch vom Wetterdienst auf Hiddensee sprach gestern Abend von ""einigen Flocken"" üò°"	0.12046620237275363	0.8795337976272464
@Sepiroth1986 In den Gulagexpress und dann ab ins sibirische arbeitslager	0.111723999072191	0.888276000927809
@GoeringEckardt Wer nichts in einer Renten- oder Krankenversicherung einbezahlt hat, darf auch keine Leistungen √ºber Sozialniveau erwarten!	0.9330832100329067	0.0669167899670933
@AfD @Joerg_Meuthen Ich vermute das Schulz der Merkel zuvorgekommen ist...das war wohl Inhalt ihrer eigenen Rede zum sp√§teren Zeitpunkt... |LBR| Das dieses beabsichtigt wird steht allerdings schon l√§nger fest....!	0.9340241672399574	0.06597583276004254
Mareike beantwortet heute gegen 14 Uhr auf @DKultur im #Kompressor, wie man sich bei uns anmeldet&amp;wie die Finanzierung der Miete klappt!	0.9481355876722177	0.05186441232778228
@SusanBrenning In Sachen Verrat war die Kirche schon immer gro√ü.	0.07980845712127826	0.9201915428787217
@dushanwegner Es ist eindeutig und unmissverst√§ndlich.....unsere humanit√§re Haltung ist falsch naiv und dumm, vollkommen im Arsch.	0.07533278059499837	0.9246672194050016
"@stefanolix Siehst Du denn ""Hass im Netz"" als eine problematische gesellschaftliche Sache an?"	0.872915107218794	0.1270848927812061
Es wird ja viel durcheinander gebracht. Daher zur Aufkl√§rung: |LBR| Eine Intersexueller kann per definition weder trans- noch homosexuell sein.	0.8714341825000479	0.12856581749995208
@MalteKaufmann @Heinrich_Krug So ist es richtig...alles im Namen der Menschlichkeit hat sich nicht bew√§hrt....!	0.9587807323053967	0.04121926769460328
Jetzt warte ich nur noch darauf bis sich der Gr√ºne Anal Ritter Volker Beck zu Wort meldet. Aber der Pudert sich gerade die Nase. :-)	0.07969519537928071	0.9203048046207193
"Der Weg zum Erfolg f√ºhrt in der CDU durch Merkels Ar***, Hirn braucht man nicht, Bsp. Altmaiers letzte ""Wahl-√Ñu√üerung"" &gt; dieser Vollpfostenüòú"	0.08323057205306972	0.9167694279469303
@maybritillner @ZDF Wenn ich den Altmaier sehe kommt mir die Wurst.	0.0947899928044188	0.9052100071955812
Fakt: Es sterben jedes Jahr mehr Menschen an H2O, als an #Glyphosat. |LBR| (Bitte nicht den Gr√ºnen erz√§hlen, die wollen sonst H2O verbieten)	0.4429679887687922	0.5570320112312078
Die Gr√ºnen bleiben nur gef√ºhlte Schwesterpartei der @CDU. Wer bei Merkel Minister wird oder bleibt entscheidet immer noch @CSU. #Glyphopsat #schmidt	0.9618423972829879	0.0381576027170121
@heutejournal Ich hoffe dieses islamistische Dreckschwein wurde ohne Narkose operiert.	0.782793406197677	0.21720659380232296
Donald Trump ist ein Gro√ümaul, das die Fakten zu den verkauften Autos |LBR| in D und USA nicht kennt. Er m√∂ge sein Maul halten.	0.08494880567622343	0.9150511943237766
@ph1664068 Nichts auf der Welt kann einem Menschen die Mutter ersetzen. Diese Fotos sagen mehr als 1000 Worte.	0.9251717859517374	0.07482821404826259
"@FrlUrban Vielmehr - Liebe passiert manchmal einfach. Sie fragt nicht: ""Wer bist du und wie definierst du dich?"" Sie geschieht."	0.952442600112531	0.047557399887469
Der Schnellhuber hat sein Diplom auch von der Gender-Uni Tuntenhausen, oder? |LBR| #gruene #bdk17	0.5911836868249727	0.40881631317502737
"#Bischof Dr. Matthias Ring: ""Glaube ist ein t√§gliches Prebiszit ... ich muss mich jeden Tag neu bekennen"" - #aksynode16 #altkatholisch"	0.9568030907768286	0.043196909223171445
@IAMMASCHO @RAIMINEM Hitler wollte uns nur von der Roten Pest befreien ausserdem hatte Polen schon 1935 den Plan gehabt Deutschland anzugreifen Hitler ist ihnen nur zuvor gekommen	0.0873386734148458	0.9126613265851542
@ndaktuell Typisch,Demokraten werden ausgewiesen und der Mob von Nafris darf bleiben!Armes Europa.	0.07279143358672446	0.9272085664132755
Schwarz-schwarze Sondierung dauert nach 7 Stunden weiter an. Teilnehmer haben gerade alle Abendtermine abgesagt. @CDU @CSU #Jamaika	0.9455496952003705	0.05445030479962957
@mountainman1977 @MiataMuc Was hast Du gedacht, als Du zum ersten Mal erfahren hast, da√ü es Schwule gibt?	0.8810297838989671	0.11897021610103285
du kannst gar nichts @GoeringEckardt ! verbl√∂dete Studienabbrecherin. #illner	0.6708229795042753	0.3291770204957248
@slow_haus @JochenBittner Die meisten Verletzungen von Menschenrechten werden dort begangen, wo nichtwei√üe M√§nner leben. |LBR| Bad Luck üòé	0.28702887275239697	0.712971127247603
@MiataMuc Von mir aus darfst Du alles. |LBR| Au√üer meine Autorit√§t in Frage stellen.	0.5044252282574497	0.49557477174255027
@HPStauch @Margit030 So muss man mit dem Migrantenpack umgehen!	0.10367627064340668	0.8963237293565933
@obskurOlaph Die FDP hat es doch richtig gemacht. Sondiert und die Idiotie erkannt. Und daraufhin die Sondierung abgebrochen.	0.8888406221698786	0.11115937783012138
"@RegSprecher @iaamesse Merkel hat soviel Ahnung vom Auto, wie die ""ber√ºhmte"" Kuh vom Sonntag!"	0.0952058665658575	0.9047941334341425
Verdammt nochmal, Ihr Afrikaner. Fangt endlich an, Eure Probleme |LBR| selbst zu l√∂sen. Nur die besser Gestellten k√∂nnen abhauen.	0.07976179913775971	0.9202382008622403
Ein ehemaliger Sch√ºler von mir, Rohollah, wurde dieses Jahr nach einem komplett unfairen Verfahren (wir bei AiN haben davon leider erst erfahren, als bereits alle Instanzen ersch√∂pft waren) nach Afghanistan deportiert.	0.9458822842726972	0.05411771572730286
Der grundgesetzliche besondere Schutz von Ehe und Familie gilt auch f√ºr Migranten. #Integration	0.8084881721238775	0.19151182787612248
Dortmund:Leipzig |LBR| Die gro√üm√§uligen Dortmunder werden von Leipzig hergespielt. Gro√üartig!	0.09235446991946272	0.9076455300805373
@KonseqLiberal @MiataMuc Glaub ihm nicht alles. Sexuelle Anziehungskraft ist bei M√§nnern nicht vom Beruf abh√§ngig.	0.9662044547929304	0.0337955452070696
@Alltags_Kotze Dein Feminismus und Genderquatsch steht Dir im Weg	0.9172821092926453	0.0827178907073547
@spox Hoffentlich sitzt er bei den Bayern dauernd auf der Ersatzbank!	0.9396242105391117	0.06037578946088823
"Selbstmordanschlag in Manchester, alle Medien geilen sich f√∂rmlich daran auf, ohne ""Ursachen"" zu erw√§hnen."	0.10025876423151037	0.8997412357684896
Nach einer Debatte √ºber die Zukunft der #DIG und des #JuFo besuchen wir nun eine Ausstellung im Anne-Frank-Zentrum #Israelpedia #Frankfurt	0.9498598624879007	0.05014013751209934
@MiriamOzen Selbst die L√ºge, das es keinen Anstieg der Kriminalit√§t in Altena gibt ist mit wenigen klicks im Netz wiederlegbar	0.9503557240319916	0.049644275968008356
@RegSprecher Der hat und brauchte nicht solche L√ºgen und M√§rchen den B√ºrgern zu verklickern, wie Sie Herr Seibert! Aber es gibt eben Leute, die f√ºr Geld ALLES labern!	0.08967070698966151	0.9103292930103385
@RenateKuenast Vielleicht sollte man erst einmal das W√∂rtchen Hass-Kommentare gesetzlich definieren bevor man hier irgendetwas unter Strafe stellt. Wo h√∂rt die Meinungsfreiheit auf und fangen Hasskommentare an?	0.9426833718234787	0.05731662817652128
Man kann s√§mtliche Sexismus-Debatten der letzte Jahre auf ein Wort reduzieren: Schwachsinn.	0.4530810372310802	0.5469189627689198
@c_vogt @Grals_Hueter @JTrittin Hat der Trittin wieder vom Chem √ñzdemirs Gras geraucht?	0.11409050036633295	0.885909499633667
F√ºr @DoroBaer w√§re ein bisschen abnehmen nicht verkehrt. #maischberger	0.9169756047131019	0.08302439528689803
"In der aktuellen ZEIT ist ein Abdruck meines Buches ""Mohamed. Eine Abrechnung"" erschienen!"	0.9204167699358374	0.07958323006416257
@MarcusPretzell @FraukePetry Du bist einfach nur noch l√§cherlich @MarcusPretzell . #Bundestag	0.7984470913801869	0.20155290861981315
T√ºrkeiurlaub gestrichen. Keinerlei Verg√ºnstigungen f√ºr T√ºrkei. Bis sich dort die |LBR| Demokraten gegen den irren Sultan wehren und ihn davonjagen	0.08357162045502942	0.9164283795449706
@thie_no Dann nutzen Sie einfach nicht antisemitische Stereotypen gegen√ºber uns #Juden, dann muss man ihnen auch nicht #Antisemitismus vorwerfen!	0.955104678611375	0.044895321388624974
P√ºnktlich zum Wahlkampfauftakt ziehen sich unsere politi. Raubtiere Berlins d. Lammfell √ºber, um weitere Jahre im gleichen Trott zu agierenüòú	0.12268713345401616	0.8773128665459838
Davor warne ich seit Jahren: Wir m√ºssen handeln, sonst werden wir behandelt. Ja, wir werden von radikalen Islamisten, Fundamentalisten, Salafisten und Dschihadisten in unserem Land behandelt und in eine Ecke gezwungen, in der wir St√ºck f√ºr St√ºck unsere Freiheiten aufgeben.	0.7296115684460159	0.27038843155398407
@Pirat_Bernie @mlooks Nee, Schei√üe kommt woanders raus.	0.729841089730428	0.27015891026957195
ekelhaft Claudia Roth wieder im Fernsehen sehen zu m√ºssen #Bundestag	0.5378231436599004	0.46217685634009964
@DerDoktorant Ich wei√ü nicht, ob die Aussage richtig ist. Das habe ich doch bereits gesagt.	0.9576984892672699	0.0423015107327301
@Mama_arbeitet @annika_schach @herr_unbekannnt K√∂nnen Sie die Frage beantworten? Warum sind 30 Prozent Frauen im Bundestag problematisch?	0.9168130917305145	0.08318690826948553
Das Krebsgeschw√ºr, das jeden Frieden im Nahen Osten verhindert, ist der dem Islam inh√§rente Herrschaftanspruch √ºber andere Kulturen, und der dem Islam inh√§rente Antisemitismus. |LBR| #IStandWithIsrael |LBR| #Jerusalem	0.48514029064197883	0.5148597093580212
Das Foto des Jahres finde ich piet√§tlos u. Ausdruck daf√ºr, wie tief die von der Politik vorgelebte Hetze gegen RU in Medien verwurzelt ist ü§¢	0.9436546775126013	0.05634532248739862
"Heute Abend um 19:30 in Koeln, werde in der Buchhandlung Ludwig am Hauptbahnhof aus ""Mohamed"" lesen!"	0.9610241533910873	0.038975846608912734
@SilkeBurmester @WieVieleFrauen Tja, nur ne Vagina zu haben, reicht halt nicht.	0.49770404728275064	0.5022959527172494
In England wird die Meinungsfreiheit noch gro√ü geschrieben auch ein Grund f√ºr den Brexit.	0.944527012665769	0.05547298733423103
@_teatimecookie_ M√§nner m√∂gen Titten. Gew√∂hn Dich dran.	0.8847423143877696	0.11525768561223036
Trump |LBR| #Dekrete f√ºr Amerikaner = o.k. |LBR| #Dekrete die andere Staaten adressieren oder bedrohen sind nicht akzeptabel |LBR| zB Iran	0.9402880615791602	0.05971193842083977
Ohne #Alkohol g√§be es keinen #Alkoholismus |LBR| Ohne #Islam g√§be es keinen #Islamismus |LBR| Beides muss weg	0.0899008546088188	0.9100991453911812
